-- Esto se hizo con IA como Datos de Prueba ya ue la tarea no me lo pide ni me lo impide.

-- Datos para la tabla Specialty
INSERT INTO Specialty (specialty_id, name, description) VALUES
(1, 'Cardiología', 'Especialidad en el diagnóstico y tratamiento de enfermedades del corazón.'),
(2, 'Pediatría', 'Especialidad en la atención médica de bebés, niños y adolescentes.'),
(3, 'Dermatología', 'Especialidad en el diagnóstico y tratamiento de enfermedades de la piel, pelo y uñas.'),
(4, 'Neurología', 'Especialidad en el estudio y tratamiento de enfermedades del sistema nervioso.'),
(5, 'Oncología', 'Especialidad en el estudio, diagnóstico y tratamiento del cáncer.');

-- Datos para la tabla Medico
INSERT INTO Medico (medico_id, medico_name, gender, shift, years_experience, specialty_id) VALUES
(1, 'Dr. Juan Pérez', 'Masculino', 'Mañana', 15, 1),
(2, 'Dra. María Gómez', 'Femenino', 'Tarde', 10, 2),
(3, 'Dr. Carlos Ruiz', 'Masculino', 'Mañana', 8, 3),
(4, 'Dra. Ana Torres', 'Femenino', 'Tarde', 20, 4),
(5, 'Dr. José Ramirez', 'Masculino', 'Noche', 5, 5),
(6, 'Dra. Laura Soto', 'Femenino', 'Mañana', 12, 1),
(7, 'Dr. Ricardo Vargas', 'Masculino', 'Tarde', 7, 2),
(8, 'Dra. Sofia Mendoza', 'Femenino', 'Noche', 18, 3),
(9, 'Dr. Javier Castro', 'Masculino', 'Mañana', 9, 4),
(10, 'Dra. Valeria Espinoza', 'Femenino', 'Tarde', 6, 5),
(11, 'Dr. Esteban González', 'Masculino', 'Mañana', 11, 1),
(12, 'Dra. Gabriela Fernández', 'Femenino', 'Tarde', 14, 2),
(13, 'Dr. Fernando Herrera', 'Masculino', 'Noche', 16, 3),
(14, 'Dra. Daniela Jiménez', 'Femenino', 'Mañana', 3, 4),
(15, 'Dr. Pablo López', 'Masculino', 'Tarde', 13, 5),
(16, 'Dra. Isabela Morales', 'Femenino', 'Mañana', 19, 1),
(17, 'Dr. Santiago Navarro', 'Masculino', 'Tarde', 4, 2),
(18, 'Dra. Fernanda Ortiz', 'Femenino', 'Noche', 17, 3),
(19, 'Dr. Miguel Salazar', 'Masculino', 'Mañana', 22, 4),
(20, 'Dra. Patricia Rivera', 'Femenino', 'Tarde', 2, 5);

-- Datos para la tabla MedicoPhone
INSERT INTO MedicoPhone (medico_id, phone) VALUES
(1, '555-1234'), (1, '555-1235'),
(2, '555-2345'),
(3, '555-3456'),
(4, '555-4567'), (4, '555-4568'),
(5, '555-5678'),
(6, '555-6789'),
(7, '555-7890'),
(8, '555-8901'),
(9, '555-9012'),
(10, '555-0123'),
(11, '555-1122'),
(12, '555-2233'),
(13, '555-3344'),
(14, '555-4455'),
(15, '555-5566'),
(16, '555-6677'),
(17, '555-7788'),
(18, '555-8899'),
(19, '555-9900'),
(20, '555-0011');

-- Datos para la tabla MedicoHours
INSERT INTO MedicoHours (medico_id, hours_operation) VALUES
(1, 8), (2, 6), (3, 7), (4, 8), (5, 5),
(6, 8), (7, 6), (8, 5), (9, 7), (10, 6),
(11, 8), (12, 6), (13, 5), (14, 7), (15, 6),
(16, 8), (17, 6), (18, 5), (19, 7), (20, 6);

-- Datos para la tabla Patient
INSERT INTO Patient (patient_id, patient_name, gender, date_birth, insurance_number, address) VALUES
(1, 'Pedro Morales', 'Masculino', '1985-03-10', 'INS-1001', 'Calle 10 #20, Ciudad A'),
(2, 'Sofía Castro', 'Femenino', '1992-07-25', 'INS-1002', 'Av. Principal #35, Ciudad B'),
(3, 'Luis Aguilar', 'Masculino', '1970-11-05', 'INS-1003', 'Carrera 8 #15, Ciudad A'),
(4, 'Andrea Díaz', 'Femenino', '2001-02-18', 'INS-1004', 'Callejón del Sol #50, Ciudad C'),
(5, 'Manuel Gil', 'Masculino', '1965-09-30', 'INS-1005', 'Paseo de la Luna #12, Ciudad B'),
(6, 'Carmen Herrera', 'Femenino', '1988-04-12', 'INS-1006', 'Av. Los Pinos #42, Ciudad C'),
(7, 'Jorge Ramos', 'Masculino', '1995-01-20', 'INS-1007', 'Calle del Río #7, Ciudad A'),
(8, 'Elena Vera', 'Femenino', '1978-06-08', 'INS-1008', 'Carrera del Lago #23, Ciudad B'),
(9, 'Daniel Pérez', 'Masculino', '2005-08-01', 'INS-1009', 'Calle del Parque #60, Ciudad C'),
(10, 'Valeria Silva', 'Femenino', '1999-12-22', 'INS-1010', 'Av. Del Bosque #1, Ciudad A'),
(11, 'Ricardo Mendoza', 'Masculino', '1980-05-15', 'INS-1011', 'Calle 5 #18, Ciudad B'),
(12, 'Lucía Ortiz', 'Femenino', '1975-03-28', 'INS-1012', 'Av. 20 #77, Ciudad C'),
(13, 'Alejandro Vargas', 'Masculino', '1990-10-03', 'INS-1013', 'Carrera 30 #5, Ciudad A'),
(14, 'Natalia Romero', 'Femenino', '1962-07-19', 'INS-1014', 'Calle 15 #90, Ciudad B'),
(15, 'Andrés Soto', 'Masculino', '2010-09-08', 'INS-1015', 'Av. 50 #1, Ciudad C'),
(16, 'Gabriela Torres', 'Femenino', '1983-04-04', 'INS-1016', 'Calle Principal #100, Ciudad A'),
(17, 'Felipe Navarro', 'Masculino', '1977-01-11', 'INS-1017', 'Carrera 2 #45, Ciudad B'),
(18, 'Isabel Jiménez', 'Femenino', '1997-06-09', 'INS-1018', 'Av. Libertad #20, Ciudad C'),
(19, 'Esteban López', 'Masculino', '1986-11-29', 'INS-1019', 'Calle del Progreso #5, Ciudad A'),
(20, 'Paola Morales', 'Femenino', '1994-02-02', 'INS-1020', 'Av. Los Sauces #72, Ciudad B'),
(21, 'Mario Castro', 'Masculino', '1989-05-23', 'INS-1021', 'Calle del Comercio #14, Ciudad C'),
(22, 'Cecilia Gómez', 'Femenino', '1972-08-16', 'INS-1022', 'Carrera de la Montaña #33, Ciudad A'),
(23, 'Jorge Castillo', 'Masculino', '1996-03-07', 'INS-1023', 'Av. Central #8, Ciudad B'),
(24, 'Ana Mendoza', 'Femenino', '1981-12-19', 'INS-1024', 'Callejón del Viento #11, Ciudad C'),
(25, 'Gustavo Rojas', 'Masculino', '1979-04-26', 'INS-1025', 'Paseo de las Flores #44, Ciudad A'),
(26, 'Carolina Benítez', 'Femenino', '2003-01-30', 'INS-1026', 'Av. del Río #55, Ciudad B'),
(27, 'Fernando Díaz', 'Masculino', '1968-06-05', 'INS-1027', 'Carrera 1 #88, Ciudad C'),
(28, 'Beatriz Espinoza', 'Femenino', '1991-09-14', 'INS-1028', 'Calle 100 #20, Ciudad A'),
(29, 'Sergio Fernández', 'Masculino', '1984-07-21', 'INS-1029', 'Av. Principal #5, Ciudad B'),
(30, 'Luciana Gámez', 'Femenino', '1976-10-10', 'INS-1030', 'Carrera 80 #15, Ciudad C'),
(31, 'Martín Guerra', 'Masculino', '1982-11-03', 'INS-1031', 'Callejón del Mar #5, Ciudad A'),
(32, 'Diana Hernández', 'Femenino', '1998-05-28', 'INS-1032', 'Paseo del Sol #1, Ciudad B'),
(33, 'Francisco Ibarra', 'Masculino', '1960-02-17', 'INS-1033', 'Av. Los Pinos #9, Ciudad C'),
(34, 'Silvia Luna', 'Femenino', '1973-08-22', 'INS-1034', 'Calle del Río #3, Ciudad A'),
(35, 'Roberto Medina', 'Masculino', '2000-04-11', 'INS-1035', 'Carrera del Lago #17, Ciudad B'),
(36, 'Adriana Paredes', 'Femenino', '1987-12-06', 'INS-1036', 'Calle del Parque #22, Ciudad C'),
(37, 'José Quintero', 'Masculino', '1969-03-24', 'INS-1037', 'Av. Del Bosque #44, Ciudad A'),
(38, 'Victoria Ríos', 'Femenino', '1993-06-16', 'INS-1038', 'Calle 5 #78, Ciudad B'),
(39, 'Carlos Solano', 'Masculino', '1971-09-02', 'INS-1039', 'Av. 20 #33, Ciudad C'),
(40, 'Laura Valencia', 'Femenino', '1990-11-14', 'INS-1040', 'Carrera 30 #5, Ciudad A'),
(41, 'Manuel Valencia', 'Masculino', '1985-03-10', 'INS-1041', 'Calle 15 #90, Ciudad B'),
(42, 'Sofía Valencia', 'Femenino', '1992-07-25', 'INS-1042', 'Av. 50 #1, Ciudad C'),
(43, 'Luis Valencia', 'Masculino', '1970-11-05', 'INS-1043', 'Calle Principal #100, Ciudad A'),
(44, 'Andrea Valencia', 'Femenino', '2001-02-18', 'INS-1044', 'Carrera 2 #45, Ciudad B'),
(45, 'Manuel Valencia', 'Masculino', '1965-09-30', 'INS-1045', 'Av. Libertad #20, Ciudad C'),
(46, 'Carmen Valencia', 'Femenino', '1988-04-12', 'INS-1046', 'Calle del Progreso #5, Ciudad A'),
(47, 'Jorge Valencia', 'Masculino', '1995-01-20', 'INS-1047', 'Av. Los Sauces #72, Ciudad B'),
(48, 'Elena Valencia', 'Femenino', '1978-06-08', 'INS-1048', 'Calle del Comercio #14, Ciudad C'),
(49, 'Daniel Valencia', 'Masculino', '2005-08-01', 'INS-1049', 'Carrera de la Montaña #33, Ciudad A'),
(50, 'Valeria Valencia', 'Femenino', '1999-12-22', 'INS-1050', 'Av. Central #8, Ciudad B');

-- Datos para la tabla PatientPhone
INSERT INTO PatientPhone (patient_id, phone, description) VALUES
(1, '555-001', 'Teléfono principal'),
(2, '555-002', 'Teléfono principal'),
(3, '555-003', 'Teléfono principal'), (3, '555-004', 'Teléfono de trabajo'),
(4, '555-005', 'Teléfono principal'),
(5, '555-006', 'Teléfono principal'),
(6, '555-007', 'Teléfono principal'), (6, '555-008', 'Teléfono de casa'),
(7, '555-009', 'Teléfono principal'),
(8, '555-010', 'Teléfono principal'),
(9, '555-011', 'Teléfono principal'),
(10, '555-012', 'Teléfono principal'),
(11, '555-013', 'Teléfono principal'),
(12, '555-014', 'Teléfono principal'),
(13, '555-015', 'Teléfono principal'), (13, '555-016', 'Teléfono de emergencia'),
(14, '555-017', 'Teléfono principal'),
(15, '555-018', 'Teléfono principal'),
(16, '555-019', 'Teléfono principal'),
(17, '555-020', 'Teléfono principal'),
(18, '555-021', 'Teléfono principal'),
(19, '555-022', 'Teléfono principal'),
(20, '555-023', 'Teléfono principal'),
(21, '555-024', 'Teléfono principal'),
(22, '555-025', 'Teléfono principal'),
(23, '555-026', 'Teléfono principal'),
(24, '555-027', 'Teléfono principal'),
(25, '555-028', 'Teléfono principal'),
(26, '555-029', 'Teléfono principal'),
(27, '555-030', 'Teléfono principal'),
(28, '555-031', 'Teléfono principal'),
(29, '555-032', 'Teléfono principal'),
(30, '555-033', 'Teléfono principal'),
(31, '555-034', 'Teléfono principal'),
(32, '555-035', 'Teléfono principal'),
(33, '555-036', 'Teléfono principal'),
(34, '555-037', 'Teléfono principal'),
(35, '555-038', 'Teléfono principal'),
(36, '555-039', 'Teléfono principal'),
(37, '555-040', 'Teléfono principal'),
(38, '555-041', 'Teléfono principal'),
(39, '555-042', 'Teléfono principal'),
(40, '555-043', 'Teléfono principal'),
(41, '555-044', 'Teléfono principal'),
(42, '555-045', 'Teléfono principal'),
(43, '555-046', 'Teléfono principal'),
(44, '555-047', 'Teléfono principal'),
(45, '555-048', 'Teléfono principal'),
(46, '555-049', 'Teléfono principal'),
(47, '555-050', 'Teléfono principal'),
(48, '555-051', 'Teléfono principal'),
(49, '555-052', 'Teléfono principal'),
(50, '555-053', 'Teléfono principal');

-- Datos para la tabla MedicalHistory
INSERT INTO MedicalHistory (medical_history_id, creation_date, update_date, patient_id) VALUES
(1, '2023-01-01 10:00:00', '2023-01-01 10:00:00', 1),
(2, '2023-01-02 11:30:00', '2023-01-02 11:30:00', 2),
(3, '2023-01-03 09:00:00', '2023-01-03 09:00:00', 3),
(4, '2023-01-04 14:00:00', '2023-01-04 14:00:00', 4),
(5, '2023-01-05 16:00:00', '2023-01-05 16:00:00', 5),
(6, '2023-01-06 08:30:00', '2023-01-06 08:30:00', 6),
(7, '2023-01-07 10:00:00', '2023-01-07 10:00:00', 7),
(8, '2023-01-08 11:00:00', '2023-01-08 11:00:00', 8),
(9, '2023-01-09 13:00:00', '2023-01-09 13:00:00', 9),
(10, '2023-01-10 15:30:00', '2023-01-10 15:30:00', 10),
(11, '2023-01-11 09:45:00', '2023-01-11 09:45:00', 11),
(12, '2023-01-12 12:15:00', '2023-01-12 12:15:00', 12),
(13, '2023-01-13 14:00:00', '2023-01-13 14:00:00', 13),
(14, '2023-01-14 16:30:00', '2023-01-14 16:30:00', 14),
(15, '2023-01-15 10:00:00', '2023-01-15 10:00:00', 15),
(16, '2023-01-16 11:00:00', '2023-01-16 11:00:00', 16),
(17, '2023-01-17 12:00:00', '2023-01-17 12:00:00', 17),
(18, '2023-01-18 13:00:00', '2023-01-18 13:00:00', 18),
(19, '2023-01-19 14:00:00', '2023-01-19 14:00:00', 19),
(20, '2023-01-20 15:00:00', '2023-01-20 15:00:00', 20),
(21, '2023-01-21 16:00:00', '2023-01-21 16:00:00', 21),
(22, '2023-01-22 17:00:00', '2023-01-22 17:00:00', 22),
(23, '2023-01-23 08:00:00', '2023-01-23 08:00:00', 23),
(24, '2023-01-24 09:00:00', '2023-01-24 09:00:00', 24),
(25, '2023-01-25 10:00:00', '2023-01-25 10:00:00', 25),
(26, '2023-01-26 11:00:00', '2023-01-26 11:00:00', 26),
(27, '2023-01-27 12:00:00', '2023-01-27 12:00:00', 27),
(28, '2023-01-28 13:00:00', '2023-01-28 13:00:00', 28),
(29, '2023-01-29 14:00:00', '2023-01-29 14:00:00', 29),
(30, '2023-01-30 15:00:00', '2023-01-30 15:00:00', 30),
(31, '2023-01-31 16:00:00', '2023-01-31 16:00:00', 31),
(32, '2023-02-01 17:00:00', '2023-02-01 17:00:00', 32),
(33, '2023-02-02 08:00:00', '2023-02-02 08:00:00', 33),
(34, '2023-02-03 09:00:00', '2023-02-03 09:00:00', 34),
(35, '2023-02-04 10:00:00', '2023-02-04 10:00:00', 35),
(36, '2023-02-05 11:00:00', '2023-02-05 11:00:00', 36),
(37, '2023-02-06 12:00:00', '2023-02-06 12:00:00', 37),
(38, '2023-02-07 13:00:00', '2023-02-07 13:00:00', 38),
(39, '2023-02-08 14:00:00', '2023-02-08 14:00:00', 39),
(40, '2023-02-09 15:00:00', '2023-02-09 15:00:00', 40),
(41, '2023-02-10 16:00:00', '2023-02-10 16:00:00', 41),
(42, '2023-02-11 17:00:00', '2023-02-11 17:00:00', 42),
(43, '2023-02-12 08:00:00', '2023-02-12 08:00:00', 43),
(44, '2023-02-13 09:00:00', '2023-02-13 09:00:00', 44),
(45, '2023-02-14 10:00:00', '2023-02-14 10:00:00', 45),
(46, '2023-02-15 11:00:00', '2023-02-15 11:00:00', 46),
(47, '2023-02-16 12:00:00', '2023-02-16 12:00:00', 47),
(48, '2023-02-17 13:00:00', '2023-02-17 13:00:00', 48),
(49, '2023-02-18 14:00:00', '2023-02-18 14:00:00', 49),
(50, '2023-02-19 15:00:00', '2023-02-19 15:00:00', 50);

-- Datos para la tabla HistoryDetail
INSERT INTO HistoryDetail (detail_id, blood_type, allergies, family_history, chronic_diseases, medical_history_id) VALUES
(1, 'A+', 'Pólen', 'Diabetes', 'Hipertensión', 1),
(2, 'O-', 'Ninguna', 'Cáncer', 'Asma', 2),
(3, 'B+', 'Penicilina', 'Enfermedades cardíacas', 'Artritis', 3),
(4, 'AB-', 'Polvo', 'Alzheimer', 'Migrañas', 4),
(5, 'O+', 'Ninguna', 'Enfermedad renal', 'Obesidad', 5),
(6, 'A-', 'Mariscos', 'Hipertensión', 'Ninguna', 6),
(7, 'B-', 'Látex', 'Diabetes', 'Gastritis crónica', 7),
(8, 'AB+', 'Ninguna', 'Cáncer de mama', 'Problemas de tiroides', 8),
(9, 'A+', 'Gluten', 'Accidente cerebrovascular', 'Ninguna', 9),
(10, 'O-', 'Pelo de gato', 'Enfermedad de Parkinson', 'Ansiedad', 10),
(11, 'B+', 'Ninguna', 'Artritis reumatoide', 'Fibromialgia', 11),
(12, 'O-', 'Ácaros', 'Enfermedad de Huntington', 'Ninguna', 12),
(13, 'A+', 'Polvo', 'Enfermedad celíaca', 'Dermatitis', 13),
(14, 'B+', 'Ninguna', 'Diabetes', 'Hipertensión', 14),
(15, 'A-', 'Penicilina', 'Cáncer', 'Asma', 15),
(16, 'O-', 'Pólen', 'Enfermedades cardíacas', 'Artritis', 16),
(17, 'B+', 'Ninguna', 'Alzheimer', 'Migrañas', 17),
(18, 'AB-', 'Ácaros', 'Enfermedad renal', 'Obesidad', 18),
(19, 'O+', 'Gluten', 'Hipertensión', 'Ninguna', 19),
(20, 'A-', 'Pelo de gato', 'Diabetes', 'Gastritis crónica', 20),
(21, 'B-', 'Mariscos', 'Cáncer de mama', 'Problemas de tiroides', 21),
(22, 'AB+', 'Ninguna', 'Accidente cerebrovascular', 'Ninguna', 22),
(23, 'A+', 'Látex', 'Enfermedad de Parkinson', 'Ansiedad', 23),
(24, 'O-', 'Ninguna', 'Artritis reumatoide', 'Fibromialgia', 24),
(25, 'B+', 'Penicilina', 'Enfermedad de Huntington', 'Ninguna', 25),
(26, 'AB-', 'Pólen', 'Enfermedad celíaca', 'Dermatitis', 26),
(27, 'O+', 'Ninguna', 'Diabetes', 'Hipertensión', 27),
(28, 'A-', 'Polvo', 'Cáncer', 'Asma', 28),
(29, 'B+', 'Ninguna', 'Enfermedades cardíacas', 'Artritis', 29),
(30, 'AB-', 'Mariscos', 'Alzheimer', 'Migrañas', 30),
(31, 'O+', 'Ninguna', 'Enfermedad renal', 'Obesidad', 31),
(32, 'A-', 'Pelo de gato', 'Hipertensión', 'Ninguna', 32),
(33, 'B-', 'Gluten', 'Diabetes', 'Gastritis crónica', 33),
(34, 'AB+', 'Ninguna', 'Cáncer de mama', 'Problemas de tiroides', 34),
(35, 'A+', 'Ácaros', 'Accidente cerebrovascular', 'Ninguna', 35),
(36, 'O-', 'Látex', 'Enfermedad de Parkinson', 'Ansiedad', 36),
(37, 'B+', 'Ninguna', 'Artritis reumatoide', 'Fibromialgia', 37),
(38, 'O-', 'Penicilina', 'Enfermedad de Huntington', 'Ninguna', 38),
(39, 'A+', 'Pólen', 'Enfermedad celíaca', 'Dermatitis', 39),
(40, 'B+', 'Ninguna', 'Diabetes', 'Hipertensión', 40),
(41, 'A-', 'Polvo', 'Cáncer', 'Asma', 41),
(42, 'O-', 'Mariscos', 'Enfermedades cardíacas', 'Artritis', 42),
(43, 'B+', 'Ninguna', 'Alzheimer', 'Migrañas', 43),
(44, 'AB-', 'Pelo de gato', 'Enfermedad renal', 'Obesidad', 44),
(45, 'O+', 'Látex', 'Hipertensión', 'Ninguna', 45),
(46, 'A-', 'Gluten', 'Diabetes', 'Gastritis crónica', 46),
(47, 'B-', 'Ninguna', 'Cáncer de mama', 'Problemas de tiroides', 47),
(48, 'AB+', 'Penicilina', 'Accidente cerebrovascular', 'Ninguna', 48),
(49, 'A+', 'Pólen', 'Enfermedad de Parkinson', 'Ansiedad', 49),
(50, 'O-', 'Ácaros', 'Artritis reumatoide', 'Fibromialgia', 50);

-- Datos para la tabla Consultation
INSERT INTO Consultation (consultation_id, date, hours, medical_room, diagnostic, patient_id, medico_id) VALUES
(1, '2023-03-01', '09:00:00', 'Sala 101', 'Fiebre viral', 1, 2),
(2, '2023-03-01', '10:30:00', 'Sala 102', 'Dolor de cabeza crónico', 2, 4),
(3, '2023-03-02', '11:00:00', 'Sala 103', 'Fractura en el brazo', 3, 3),
(4, '2023-03-02', '14:00:00', 'Sala 104', 'Reacción alérgica', 4, 3),
(5, '2023-03-03', '15:30:00', 'Sala 101', 'Chequeo general', 5, 1),
(6, '2023-03-04', '08:00:00', 'Sala 102', 'Erupción cutánea', 6, 3),
(7, '2023-03-04', '09:00:00', 'Sala 103', 'Dolor en el pecho', 7, 1),
(8, '2023-03-05', '10:00:00', 'Sala 104', 'Control de asma', 8, 2),
(9, '2023-03-05', '11:30:00', 'Sala 101', 'Migraña severa', 9, 4),
(10, '2023-03-06', '14:00:00', 'Sala 102', 'Insomnio', 10, 5),
(11, '2023-03-07', '09:30:00', 'Sala 103', 'Dolor de espalda', 11, 1),
(12, '2023-03-07', '12:00:00', 'Sala 104', 'Gripe', 12, 2),
(13, '2023-03-08', '15:00:00', 'Sala 101', 'Faringitis', 13, 3),
(14, '2023-03-09', '10:00:00', 'Sala 102', 'Infección de oído', 14, 2),
(15, '2023-03-09', '11:00:00', 'Sala 103', 'Chequeo de rutina', 15, 2),
(16, '2023-03-10', '13:00:00', 'Sala 104', 'Problemas de piel', 16, 3),
(17, '2023-03-10', '14:00:00', 'Sala 101', 'Ansiedad', 17, 4),
(18, '2023-03-11', '16:00:00', 'Sala 102', 'Dolor abdominal', 18, 5),
(19, '2023-03-12', '08:30:00', 'Sala 103', 'Dolor de cuello', 19, 4),
(20, '2023-03-12', '09:00:00', 'Sala 104', 'Acné severo', 20, 3),
(21, '2023-03-13', '10:00:00', 'Sala 101', 'Chequeo de presión arterial', 21, 1),
(22, '2023-03-14', '11:00:00', 'Sala 102', 'Dolor muscular', 22, 2),
(23, '2023-03-14', '13:00:00', 'Sala 103', 'Revisión neurológica', 23, 4),
(24, '2023-03-15', '15:00:00', 'Sala 104', 'Fatiga', 24, 5),
(25, '2023-03-16', '09:00:00', 'Sala 101', 'Examen de lunares', 25, 3),
(26, '2023-03-16', '10:00:00', 'Sala 102', 'Revisión de rodilla', 26, 2),
(27, '2023-03-17', '11:00:00', 'Sala 103', 'Dolor de garganta', 27, 2),
(28, '2023-03-17', '12:00:00', 'Sala 104', 'Dolor de estómago', 28, 5),
(29, '2023-03-18', '14:00:00', 'Sala 101', 'Control de diabetes', 29, 1),
(30, '2023-03-19', '15:00:00', 'Sala 102', 'Chequeo de rutina', 30, 2),
(31, '2023-03-19', '16:00:00', 'Sala 103', 'Insomnio crónico', 31, 4),
(32, '2023-03-20', '08:00:00', 'Sala 104', 'Dermatitis', 32, 3),
(33, '2023-03-20', '09:00:00', 'Sala 101', 'Chequeo de control', 33, 1),
(34, '2023-03-21', '10:00:00', 'Sala 102', 'Dolor en el pecho', 34, 1),
(35, '2023-03-21', '11:00:00', 'Sala 103', 'Tos persistente', 35, 2),
(36, '2023-03-22', '12:00:00', 'Sala 104', 'Revisión post-operatoria', 36, 5),
(37, '2023-03-22', '13:00:00', 'Sala 101', 'Artritis', 37, 3),
(38, '2023-03-23', '14:00:00', 'Sala 102', 'Migrañas', 38, 4),
(39, '2023-03-23', '15:00:00', 'Sala 103', 'Chequeo cardíaco', 39, 1),
(40, '2023-03-24', '16:00:00', 'Sala 104', 'Dolor de cabeza', 40, 4),
(41, '2023-03-25', '09:00:00', 'Sala 101', 'Erupción cutánea', 41, 3),
(42, '2023-03-25', '10:00:00', 'Sala 102', 'Chequeo pediátrico', 42, 2),
(43, '2023-03-26', '11:00:00', 'Sala 103', 'Dolor de oído', 43, 2),
(44, '2023-03-26', '12:00:00', 'Sala 104', 'Control de asma', 44, 2),
(45, '2023-03-27', '13:00:00', 'Sala 101', 'Dolor en el pecho', 45, 1),
(46, '2023-03-27', '14:00:00', 'Sala 102', 'Revisión neurológica', 46, 4),
(47, '2023-03-28', '15:00:00', 'Sala 103', 'Chequeo general', 47, 5),
(48, '2023-03-28', '16:00:00', 'Sala 104', 'Dolor de espalda', 48, 4),
(49, '2023-03-29', '09:00:00', 'Sala 101', 'Control de diabetes', 49, 1),
(50, '2023-03-29', '10:00:00', 'Sala 102', 'Revisión de tiroides', 50, 5),
(51, '2023-03-30', '11:00:00', 'Sala 103', 'Vacunación', 1, 2),
(52, '2023-03-30', '12:00:00', 'Sala 104', 'Erupción cutánea', 2, 3),
(53, '2023-03-31', '13:00:00', 'Sala 101', 'Chequeo de la vista', 3, 4),
(54, '2023-03-31', '14:00:00', 'Sala 102', 'Tos y congestión', 4, 2),
(55, '2023-04-01', '15:00:00', 'Sala 103', 'Control de presión', 5, 1),
(56, '2023-04-01', '16:00:00', 'Sala 104', 'Dolor de cabeza', 6, 4),
(57, '2023-04-02', '09:00:00', 'Sala 101', 'Seguimiento de fractura', 7, 3),
(58, '2023-04-02', '10:00:00', 'Sala 102', 'Chequeo pediátrico', 8, 2),
(59, '2023-04-03', '11:00:00', 'Sala 103', 'Chequeo de embarazo', 9, 2),
(60, '2023-04-03', '12:00:00', 'Sala 104', 'Dolor de oído', 10, 2),
(61, '2023-04-04', '13:00:00', 'Sala 101', 'Problemas de tiroides', 11, 5),
(62, '2023-04-04', '14:00:00', 'Sala 102', 'Control de diabetes', 12, 1),
(63, '2023-04-05', '15:00:00', 'Sala 103', 'Dolor de espalda', 13, 4),
(64, '2023-04-05', '16:00:00', 'Sala 104', 'Chequeo de rutina', 14, 2),
(65, '2023-04-06', '09:00:00', 'Sala 101', 'Tos crónica', 15, 2),
(66, '2023-04-06', '10:00:00', 'Sala 102', 'Revisión de piel', 16, 3),
(67, '2023-04-07', '11:00:00', 'Sala 103', 'Fatiga extrema', 17, 4),
(68, '2023-04-07', '12:00:00', 'Sala 104', 'Dolor de cabeza', 18, 4),
(69, '2023-04-08', '13:00:00', 'Sala 101', 'Control de presión arterial', 19, 1),
(70, '2023-04-08', '14:00:00', 'Sala 102', 'Dolor de cuello', 20, 3),
(71, '2023-04-09', '15:00:00', 'Sala 103', 'Chequeo de control', 21, 1),
(72, '2023-04-09', '16:00:00', 'Sala 104', 'Revisión de rodilla', 22, 2),
(73, '2023-04-10', '09:00:00', 'Sala 101', 'Dolor abdominal', 23, 5),
(74, '2023-04-10', '10:00:00', 'Sala 102', 'Chequeo de rutina', 24, 2),
(75, '2023-04-11', '11:00:00', 'Sala 103', 'Revisión de la vista', 25, 4),
(76, '2023-04-11', '12:00:00', 'Sala 104', 'Dolor de garganta', 26, 2),
(77, '2023-04-12', '13:00:00', 'Sala 101', 'Control de asma', 27, 2),
(78, '2023-04-12', '14:00:00', 'Sala 102', 'Chequeo post-operatorio', 28, 5),
(79, '2023-04-13', '15:00:00', 'Sala 103', 'Dolor de cabeza crónico', 29, 4),
(80, '2023-04-13', '16:00:00', 'Sala 104', 'Erupción en la piel', 30, 3),
(81, '2023-04-14', '09:00:00', 'Sala 101', 'Control de diabetes', 31, 1),
(82, '2023-04-14', '10:00:00', 'Sala 102', 'Revisión general', 32, 2),
(83, '2023-04-15', '11:00:00', 'Sala 103', 'Dolor de espalda', 33, 5),
(84, '2023-04-15', '12:00:00', 'Sala 104', 'Migraña', 34, 4),
(85, '2023-04-16', '13:00:00', 'Sala 101', 'Chequeo de presión', 35, 1),
(86, '2023-04-16', '14:00:00', 'Sala 102', 'Revisión de rutina', 36, 2),
(87, '2023-04-17', '15:00:00', 'Sala 103', 'Dolor en el pecho', 37, 1),
(88, '2023-04-17', '16:00:00', 'Sala 104', 'Tos y fiebre', 38, 2),
(89, '2023-04-18', '09:00:00', 'Sala 101', 'Chequeo general', 39, 1),
(90, '2023-04-18', '10:00:00', 'Sala 102', 'Dolor muscular', 40, 2),
(91, '2023-04-19', '11:00:00', 'Sala 103', 'Acné', 41, 3),
(92, '2023-04-19', '12:00:00', 'Sala 104', 'Revisión neurológica', 42, 4),
(93, '2023-04-20', '13:00:00', 'Sala 101', 'Chequeo de rutina', 43, 5),
(94, '2023-04-20', '14:00:00', 'Sala 102', 'Infección en el oído', 44, 2),
(95, '2023-04-21', '15:00:00', 'Sala 103', 'Control de asma', 45, 2),
(96, '2023-04-21', '16:00:00', 'Sala 104', 'Dolor en el pecho', 46, 1),
(97, '2023-04-22', '09:00:00', 'Sala 101', 'Chequeo de control', 47, 1),
(98, '2023-04-22', '10:00:00', 'Sala 102', 'Dolor de espalda', 48, 4),
(99, '2023-04-23', '11:00:00', 'Sala 103', 'Revisión neurológica', 49, 4),
(100, '2023-04-23', '12:00:00', 'Sala 104', 'Chequeo general', 50, 5);

-- Datos para la tabla TestRequest
INSERT INTO TestRequest (test_request_id, realization_date, score, description, type_test, consultation_id) VALUES
(1, '2023-03-02 10:00:00', 'Positivo', 'Prueba de COVID-19', 'Laboratorio', 1),
(2, '2023-03-03 11:30:00', 'N/A', 'Radiografía del brazo', 'Imágenes', 3),
(3, '2023-03-04 15:00:00', 'Normal', 'Análisis de sangre completo', 'Laboratorio', 5),
(4, '2023-03-06 09:30:00', 'Leve', 'Prueba de alergias', 'Inmunología', 6),
(5, '2023-03-08 10:30:00', 'N/A', 'Electrocardiograma', 'Cardiología', 7),
(6, '2023-03-09 12:00:00', 'Normal', 'Prueba de función pulmonar', 'Respiratorio', 8),
(7, '2023-03-12 10:00:00', 'N/A', 'Resonancia magnética cerebral', 'Imágenes', 9),
(8, '2023-03-14 15:00:00', 'Leve', 'Análisis de orina', 'Laboratorio', 11),
(9, '2023-03-16 11:00:00', 'N/A', 'Prueba de alergias', 'Inmunología', 13),
(10, '2023-03-18 13:00:00', 'Positivo', 'Prueba de estreptococo', 'Laboratorio', 14);

-- Datos para la tabla Prescription
INSERT INTO Prescription (prescription_id, creation_date, duration_treatment, consultation_id) VALUES
(1, '2023-03-01 10:00:00', '7 días', 1),
(2, '2023-03-02 11:00:00', '10 días', 3),
(3, '2023-03-02 14:30:00', '5 días', 4),
(4, '2023-03-04 08:30:00', '14 días', 6),
(5, '2023-03-05 11:45:00', '30 días', 9),
(6, '2023-03-06 14:15:00', '20 días', 10),
(7, '2023-03-07 10:00:00', '10 días', 11),
(8, '2023-03-07 12:30:00', '7 días', 12),
(9, '2023-03-08 15:30:00', '10 días', 13),
(10, '2023-03-09 10:30:00', '14 días', 14),
(11, '2023-03-10 13:30:00', '5 días', 16),
(12, '2023-03-11 16:30:00', '60 días', 17),
(13, '2023-03-12 09:30:00', '10 días', 19),
(14, '2023-03-12 09:45:00', '90 días', 20),
(15, '2023-03-14 11:30:00', '7 días', 22);

-- Datos para la tabla Medication
INSERT INTO Medication (medication_id, name, description, indications, contraindications, expiration_date, prescription_id, dose, frequency) VALUES
(1, 'Paracetamol', 'Analgésico y antipirético', 'Dolor y fiebre', 'Insuficiencia hepática', '2024-12-31', 1, '500 mg', 'Cada 8 horas'),
(2, 'Amoxicilina', 'Antibiótico', 'Infecciones bacterianas', 'Alergia a la penicilina', '2024-10-30', 2, '500 mg', 'Cada 12 horas'),
(3, 'Loratadina', 'Antihistamínico', 'Alergias', 'Glaucoma', '2025-05-20', 3, '10 mg', 'Una vez al día'),
(4, 'Ibuprofeno', 'Antiinflamatorio', 'Dolor e inflamación', 'Úlcera gástrica', '2024-08-15', 2, '400 mg', 'Cada 6 horas'),
(5, 'Hidrocortisona', 'Crema tópica', 'Erupción cutánea', 'Infección fúngica', '2024-11-25', 4, 'Aplicar en el área afectada', 'Dos veces al día'),
(6, 'Topiramato', 'Antiepiléptico', 'Migraña', 'Embarazo', '2025-01-10', 5, '100 mg', 'Dos veces al día'),
(7, 'Zolpidem', 'Sedante hipnótico', 'Insomnio', 'Insuficiencia respiratoria', '2024-09-01', 6, '10 mg', 'Antes de dormir'),
(8, 'Acetaminofén', 'Analgésico', 'Dolor de espalda', 'Hipersensibilidad', '2024-12-05', 7, '500 mg', 'Cada 8 horas'),
(9, 'Ambroxol', 'Mucolítico', 'Tos con flema', 'Hipersensibilidad', '2025-02-14', 8, '30 mg', 'Cada 8 horas'),
(10, 'Penicilina V', 'Antibiótico', 'Faringitis', 'Alergia a la penicilina', '2024-11-11', 9, '250 mg', 'Cada 6 horas'),
(11, 'Oflaxacina', 'Antibiótico', 'Infección de oído', 'Embarazo', '2025-03-01', 10, '200 mg', 'Cada 12 horas'),
(12, 'Metotrexato', 'Inmunosupresor', 'Artritis', 'Insuficiencia renal', '2024-10-15', 11, '10 mg', 'Una vez a la semana'),
(13, 'Sertralina', 'Antidepresivo', 'Ansiedad', 'Uso con IMAO', '2025-06-20', 12, '50 mg', 'Una vez al día'),
(14, 'Naproxeno', 'Antiinflamatorio', 'Dolor de cuello', 'Úlcera estomacal', '2024-09-28', 13, '500 mg', 'Cada 12 horas'),
(15, 'Tretinoína', 'Retinoide', 'Acné severo', 'Exposición al sol', '2024-07-07', 14, '0.025%', 'Aplicar en la noche'),
(16, 'Omeprazol', 'Inhibidor de bomba de protones', 'Dolor abdominal', 'Hipersensibilidad', '2024-06-30', 15, '20 mg', 'Antes de las comidas');
